,DTime,ElapsedTime,T1,T1_time,HeaterValues
0,1606086498.3805509,1.1243577003479004,22.2,0.0,0.0
1,1606086499.6895785,2.4333853721618652,22.84,1.0,0.0
2,1606086501.0088897,3.7526965141296387,22.84,2.0,0.0
3,1606086502.3275683,5.071375131607056,22.84,3.0,0.0
4,1606086503.6578522,6.40165901184082,22.84,4.0,0.0
5,1606086504.976936,7.72074294090271,22.84,5.0,0.0
6,1606086506.2963493,9.040156126022339,22.84,6.0,0.0
7,1606086507.6156385,10.359445333480835,22.84,7.0,0.0
8,1606086508.9344668,11.678273677825928,22.84,8.0,0.0
9,1606086510.2635417,13.007348537445068,22.84,9.0,0.0
10,1606086511.583898,14.327704906463623,22.84,10.0,0.0
11,1606086512.8927681,15.636574983596802,22.84,11.0,0.0
12,1606086514.2018254,16.945632219314575,22.84,12.0,0.0
13,1606086515.5201392,18.263946056365967,22.84,13.0,0.0
14,1606086516.8402371,19.584043979644775,22.84,14.0,0.0
15,1606086518.158872,20.902678728103638,22.84,15.0,0.0
16,1606086519.4778457,22.221652507781982,22.84,16.0,0.0
17,1606086520.7976513,23.541458129882812,22.84,17.0,0.0
18,1606086522.1067493,24.850556135177612,22.84,18.0,0.0
19,1606086523.4263525,26.170159339904785,22.84,19.0,0.0
20,1606086524.7454312,27.489238023757935,22.84,20.0,0.0
21,1606086526.0648034,28.808610200881958,22.84,21.0,0.0
22,1606086527.384213,30.1280198097229,22.84,22.0,0.0
23,1606086528.7036061,31.447412967681885,22.84,23.0,0.0
24,1606086530.0229242,32.76673102378845,22.2,24.0,0.0
25,1606086531.3419368,34.08574366569519,22.84,25.0,0.0
26,1606086532.6509523,35.39475917816162,22.84,26.0,0.0
27,1606086533.97052,36.71432685852051,22.84,27.0,0.0
28,1606086535.2897956,38.033602476119995,22.84,28.0,0.0
29,1606086536.6085846,39.352391481399536,22.84,29.0,0.0
30,1606086537.9583726,40.70217943191528,22.84,30.0,50.0
31,1606086539.2959042,42.039710998535156,22.84,31.0,50.0
32,1606086540.645837,43.389643907547,22.84,32.0,50.0
33,1606086541.9945989,44.73840570449829,22.84,33.0,50.0
34,1606086543.3324933,46.07630014419556,22.84,34.0,50.0
35,1606086544.6827118,47.42651867866516,22.84,35.0,50.0
36,1606086546.0211859,48.76499271392822,22.84,36.0,50.0
37,1606086547.3592355,50.10304236412048,23.16,37.0,50.0
38,1606086548.7084055,51.4522123336792,23.16,38.0,50.0
39,1606086550.057009,52.80081582069397,23.16,39.0,50.0
40,1606086551.416201,54.1600079536438,23.16,40.0,50.0
41,1606086552.7544417,55.49824857711792,23.16,41.0,50.0
42,1606086554.0932922,56.83709907531738,23.48,42.0,50.0
43,1606086555.4318712,58.17567801475525,23.48,43.0,50.0
44,1606086556.7808914,59.52469825744629,23.81,44.0,50.0
45,1606086558.1191995,60.863006353378296,23.81,45.0,50.0
46,1606086559.457016,62.200822830200195,23.81,46.0,50.0
47,1606086560.8066356,63.5504424571991,24.13,47.0,50.0
48,1606086562.1653175,64.90912437438965,24.13,48.0,50.0
49,1606086563.5148406,66.25864744186401,24.45,49.0,50.0
50,1606086564.8528774,67.596684217453,24.45,50.0,50.0
51,1606086566.1917272,68.93553400039673,24.77,51.0,50.0
52,1606086567.5405998,70.2844066619873,24.77,52.0,50.0
53,1606086568.8786333,71.62244009971619,25.1,53.0,50.0
54,1606086570.2279475,72.97175431251526,25.1,54.0,50.0
55,1606086571.5665355,74.31034231185913,25.42,55.0,50.0
56,1606086572.9154928,75.65929961204529,25.74,56.0,50.0
57,1606086574.2641642,77.0079710483551,25.74,57.0,50.0
58,1606086575.6127782,78.35658502578735,26.06,58.0,50.0
59,1606086576.95055,79.69435691833496,26.06,59.0,50.0
60,1606086578.3005202,81.04432702064514,26.39,60.0,50.0
61,1606086579.638534,82.38234090805054,26.39,61.0,50.0
62,1606086580.9877312,83.73153805732727,26.71,62.0,50.0
63,1606086582.3367462,85.08055305480957,27.03,63.0,50.0
64,1606086583.685032,86.4288387298584,27.03,64.0,50.0
65,1606086585.0339699,87.77777671813965,27.35,65.0,50.0
66,1606086586.3729303,89.11673712730408,27.67,66.0,50.0
67,1606086587.7218392,90.46564602851868,27.67,67.0,50.0
68,1606086589.070132,91.81393885612488,28.0,68.0,50.0
69,1606086590.4188097,93.16261649131775,28.0,69.0,50.0
70,1606086591.7579665,94.50177335739136,28.32,70.0,50.0
71,1606086593.1069381,95.85074496269226,28.32,71.0,50.0
72,1606086594.45593,97.19973683357239,28.64,72.0,50.0
73,1606086595.8047054,98.54851222038269,28.64,73.0,50.0
74,1606086597.1429574,99.88676428794861,28.96,74.0,50.0
75,1606086598.50146,101.24526691436768,29.29,75.0,50.0
76,1606086599.8511493,102.59495615959167,29.61,76.0,50.0
77,1606086601.1997244,103.94353127479553,29.61,77.0,50.0
78,1606086602.5483696,105.29217648506165,29.93,78.0,50.0
79,1606086603.8977294,106.64153623580933,29.93,79.0,50.0
80,1606086605.2359152,107.97972202301025,30.25,80.0,50.0
81,1606086606.584539,109.32834577560425,30.57,81.0,50.0
82,1606086607.9337733,110.67758011817932,30.57,82.0,50.0
83,1606086609.2825584,112.02636528015137,30.9,83.0,50.0
84,1606086610.631292,113.37509894371033,31.22,84.0,50.0
85,1606086611.9800942,114.72390103340149,31.22,85.0,50.0
86,1606086613.329237,116.07304382324219,31.54,86.0,50.0
87,1606086614.6781707,117.42197751998901,31.86,87.0,50.0
88,1606086616.0167186,118.7605254650116,31.86,88.0,50.0
89,1606086617.3551872,120.09899401664734,32.19,89.0,50.0
90,1606086618.703205,121.44701194763184,32.19,90.0,50.0
91,1606086620.0519333,122.79574012756348,32.51,91.0,50.0
92,1606086621.4008138,124.14462065696716,32.51,92.0,50.0
93,1606086622.749603,125.49340987205505,32.83,93.0,50.0
94,1606086624.0881798,126.83198666572571,32.83,94.0,50.0
95,1606086625.4370358,128.18084263801575,33.15,95.0,50.0
96,1606086626.7861333,129.52994012832642,33.48,96.0,50.0
97,1606086628.1350443,130.87885117530823,33.48,97.0,50.0
98,1606086629.4738178,132.21762466430664,33.8,98.0,50.0
99,1606086630.822753,133.56655979156494,33.8,99.0,50.0
100,1606086632.1716077,134.91541457176208,34.12,100.0,50.0
101,1606086633.520128,136.26393485069275,34.12,101.0,50.0
102,1606086634.8694856,137.61329245567322,34.44,102.0,50.0
103,1606086636.2184775,138.96228432655334,34.76,103.0,50.0
104,1606086637.5669029,140.31070971488953,34.76,104.0,50.0
105,1606086638.9164555,141.6602623462677,35.09,105.0,50.0
106,1606086640.2548227,142.99862957000732,35.09,106.0,50.0
107,1606086641.6039083,144.34771513938904,35.41,107.0,50.0
108,1606086642.9530048,145.6968116760254,35.41,108.0,50.0
109,1606086644.3019156,147.04572248458862,35.73,109.0,50.0
110,1606086645.6608713,148.40467810630798,35.73,110.0,50.0
111,1606086646.9999151,149.7437219619751,36.05,111.0,50.0
112,1606086648.3489263,151.09273314476013,36.05,112.0,50.0
113,1606086649.6979067,152.44171357154846,36.38,113.0,50.0
114,1606086651.046884,153.79069089889526,36.38,114.0,50.0
115,1606086652.3856885,155.12949538230896,36.7,115.0,50.0
116,1606086653.7447252,156.48853206634521,37.02,116.0,50.0
117,1606086655.0835524,157.82735919952393,37.02,117.0,50.0
118,1606086656.4325004,159.1763072013855,37.34,118.0,50.0
119,1606086657.7913153,160.5351221561432,37.34,119.0,50.0
120,1606086659.1510074,161.8948142528534,37.34,120.0,50.0
121,1606086660.49991,163.24371695518494,37.67,121.0,50.0
122,1606086661.8488894,164.59269618988037,37.67,122.0,50.0
123,1606086663.2082505,165.95205736160278,37.99,123.0,50.0
124,1606086664.5677125,167.31151938438416,37.99,124.0,50.0
125,1606086665.9166446,168.66045141220093,38.31,125.0,50.0
126,1606086667.2758012,170.01960802078247,38.31,126.0,50.0
127,1606086668.6242826,171.36808943748474,38.63,127.0,50.0
128,1606086669.972557,172.71636390686035,38.63,128.0,50.0
129,1606086671.3222232,174.06603002548218,38.95,129.0,50.0
130,1606086672.6820505,175.42585730552673,38.95,130.0,50.0
131,1606086674.019686,176.7634928226471,39.28,131.0,50.0
132,1606086675.3698308,178.11363768577576,39.28,132.0,50.0
133,1606086676.7287662,179.4725730419159,39.28,133.0,50.0
134,1606086678.0779796,180.821786403656,39.6,134.0,50.0
135,1606086679.4165618,182.16036868095398,39.92,135.0,50.0
136,1606086680.7657356,183.50954246520996,39.92,136.0,50.0
137,1606086682.114708,184.8585147857666,39.92,137.0,50.0
138,1606086683.4738042,186.21761107444763,40.24,138.0,50.0
139,1606086684.8331735,187.57698035240173,40.24,139.0,50.0
140,1606086686.1713915,188.91519832611084,40.57,140.0,50.0
141,1606086687.5195723,190.26337909698486,40.57,141.0,50.0
142,1606086688.8595376,191.6033444404602,40.57,142.0,50.0
143,1606086690.2075975,192.95140433311462,40.89,143.0,50.0
144,1606086691.557001,194.30080795288086,40.89,144.0,50.0
145,1606086692.9063427,195.65014958381653,41.21,145.0,50.0
146,1606086694.2446446,196.98845148086548,41.21,146.0,50.0
147,1606086695.5938303,198.33763718605042,41.53,147.0,50.0
148,1606086696.9429038,199.6867105960846,41.53,148.0,50.0
149,1606086698.291875,201.03568172454834,41.86,149.0,50.0
150,1606086699.6408362,202.38464307785034,41.86,150.0,50.0
151,1606086700.9898148,203.73362159729004,41.86,151.0,50.0
152,1606086702.3279238,205.0717306137085,42.18,152.0,50.0
153,1606086703.677617,206.42142391204834,42.18,153.0,50.0
154,1606086705.0264773,207.7702841758728,41.86,154.0,50.0
155,1606086706.3647585,209.10856533050537,42.5,155.0,50.0
156,1606086707.7138906,210.45769739151,42.82,156.0,50.0
157,1606086709.0731158,211.81692266464233,42.82,157.0,50.0
158,1606086710.4221566,213.16596341133118,42.82,158.0,50.0
159,1606086711.7711887,214.51499557495117,42.82,159.0,50.0
160,1606086713.1199927,215.86379957199097,43.14,160.0,50.0
161,1606086714.46928,217.2130868434906,43.14,161.0,50.0
162,1606086715.8179371,218.56174397468567,43.14,162.0,50.0
163,1606086717.1663508,219.91015768051147,43.47,163.0,50.0
164,1606086718.5053046,221.2491114139557,43.47,164.0,50.0
165,1606086719.8549001,222.5987069606781,43.79,165.0,50.0
166,1606086721.203899,223.94770574569702,43.79,166.0,50.0
167,1606086722.5528936,225.2967004776001,43.79,167.0,50.0
168,1606086723.901817,226.64562392234802,44.11,168.0,50.0
169,1606086725.2507293,227.99453616142273,44.11,169.0,50.0
170,1606086726.6099124,229.35371923446655,44.43,170.0,50.0
171,1606086727.959032,230.70283889770508,44.11,171.0,50.0
172,1606086729.2973347,232.04114151000977,44.43,172.0,50.0
173,1606086730.657063,233.400869846344,44.43,173.0,50.0
174,1606086732.0060563,234.7498631477356,44.76,174.0,50.0
175,1606086733.3550282,236.09883499145508,44.76,175.0,50.0
176,1606086734.703973,237.44777989387512,44.76,176.0,50.0
177,1606086736.0629985,238.80680537223816,44.76,177.0,50.0
178,1606086737.4119518,240.15575861930847,45.08,178.0,50.0
179,1606086738.7609222,241.50472903251648,45.08,179.0,50.0
180,1606086740.110102,242.85390877723694,45.08,180.0,50.0
181,1606086741.4487975,244.19260430335999,45.08,181.0,50.0
182,1606086742.7976258,245.54143261909485,45.4,182.0,50.0
183,1606086744.1365998,246.8804066181183,45.4,183.0,50.0
184,1606086745.4953372,248.23914408683777,45.72,184.0,50.0
185,1606086746.8550208,249.59882760047913,45.72,185.0,50.0
186,1606086748.2036834,250.9474902153015,45.72,186.0,50.0
187,1606086749.5521488,252.29595565795898,45.72,187.0,50.0
188,1606086750.9018946,253.64570140838623,45.72,188.0,50.0
189,1606086752.2509003,254.99470710754395,46.05,189.0,50.0
190,1606086753.599778,256.3435847759247,46.05,190.0,50.0
191,1606086754.94887,257.69267678260803,46.05,191.0,50.0
192,1606086756.2876196,259.03142642974854,46.37,192.0,50.0
193,1606086757.6260324,260.36983919143677,46.37,193.0,50.0
194,1606086758.9748518,261.7186586856842,46.37,194.0,50.0
195,1606086760.3137577,263.057564496994,46.37,195.0,50.0
196,1606086761.6626382,264.4064450263977,46.69,196.0,50.0
197,1606086763.000893,265.7446999549866,46.69,197.0,50.0
198,1606086764.3400128,267.08381962776184,46.69,198.0,50.0
199,1606086765.6888702,268.43267703056335,46.69,199.0,50.0
200,1606086767.0378833,269.781690120697,47.01,200.0,50.0
201,1606086768.3868885,271.1306953430176,47.01,201.0,50.0
202,1606086769.7358308,272.47963762283325,47.01,202.0,50.0
203,1606086771.0842898,273.8280966281891,47.01,203.0,50.0
204,1606086772.4331071,275.1769139766693,47.01,204.0,50.0
205,1606086773.7821004,276.5259072780609,47.33,205.0,50.0
206,1606086775.1204817,277.8642885684967,47.33,206.0,50.0
207,1606086776.470208,279.21401476860046,47.33,207.0,50.0
208,1606086777.8088229,280.5526297092438,47.33,208.0,50.0
209,1606086779.1477578,281.89156460762024,47.66,209.0,50.0
210,1606086780.4966936,283.2405004501343,47.01,210.0,50.0
211,1606086781.8352058,284.57901263237,47.66,211.0,50.0
212,1606086783.1737523,285.9175591468811,47.66,212.0,50.0
213,1606086784.511523,287.2553298473358,47.66,213.0,50.0
214,1606086785.861571,288.60537791252136,47.98,214.0,50.0
215,1606086787.200381,289.9441878795624,47.98,215.0,50.0
216,1606086788.5493755,291.2931823730469,47.98,216.0,50.0
217,1606086789.8873475,292.63115429878235,47.98,217.0,50.0
218,1606086791.2365913,293.9803981781006,47.98,218.0,50.0
219,1606086792.585824,295.3296308517456,47.98,219.0,50.0
220,1606086793.9349597,296.67876648902893,48.3,220.0,50.0
221,1606086795.2732694,298.017076253891,48.3,221.0,50.0
222,1606086796.6122668,299.3560736179352,48.3,222.0,50.0
223,1606086797.9502113,300.69401812553406,48.3,223.0,50.0
224,1606086799.2894168,302.0332236289978,48.3,224.0,50.0
225,1606086800.6384566,303.38226342201233,48.62,225.0,50.0
226,1606086801.9761324,304.71993923187256,48.62,226.0,50.0
227,1606086803.325884,306.0696909427643,48.62,227.0,50.0
228,1606086804.684892,307.42869877815247,48.62,228.0,50.0
229,1606086806.0344715,308.7782783508301,48.62,229.0,50.0
230,1606086807.3724544,310.1162612438202,48.95,230.0,50.0
231,1606086808.7215133,311.46532011032104,48.95,231.0,50.0
232,1606086810.060683,312.8044898509979,48.95,232.0,50.0
233,1606086811.3990707,314.14287757873535,48.95,233.0,50.0
234,1606086812.7483332,315.49214005470276,48.95,234.0,50.0
235,1606086814.0865417,316.8303484916687,48.95,235.0,50.0
236,1606086815.4356503,318.1794571876526,49.27,236.0,50.0
237,1606086816.7949898,319.5387966632843,49.27,237.0,50.0
238,1606086818.1336966,320.87750339508057,49.27,238.0,50.0
239,1606086819.4724727,322.21627950668335,49.27,239.0,50.0
240,1606086820.8110156,323.55482244491577,49.27,240.0,50.0
241,1606086822.149341,324.89314794540405,49.59,241.0,50.0
242,1606086823.4988315,326.2426383495331,49.27,242.0,50.0
243,1606086824.8580523,327.6018590927124,49.27,243.0,50.0
244,1606086826.2173347,328.9611415863037,49.59,244.0,50.0
245,1606086827.5662885,330.3100953102112,49.59,245.0,50.0
246,1606086828.914566,331.6583728790283,49.59,246.0,50.0
247,1606086830.2643917,333.00819849967957,49.27,247.0,50.0
248,1606086831.6019351,334.3457419872284,49.91,248.0,50.0
249,1606086832.9417353,335.6855421066284,49.91,249.0,50.0
250,1606086834.290684,337.0344908237457,49.91,250.0,50.0
251,1606086835.627187,338.37099385261536,49.91,251.0,50.0
252,1606086836.977923,339.7217297554016,50.24,252.0,50.0
253,1606086838.3175998,341.06140661239624,50.24,253.0,50.0
254,1606086839.6670275,342.41083431243896,50.24,254.0,50.0
255,1606086841.0168536,343.76066040992737,50.24,255.0,50.0
256,1606086842.366401,345.1102077960968,50.24,256.0,50.0
257,1606086843.7163715,346.46017837524414,50.24,257.0,50.0
258,1606086845.065904,347.8097107410431,50.24,258.0,50.0
259,1606086846.41573,349.1595368385315,50.56,259.0,50.0
260,1606086847.7650974,350.5089042186737,50.56,260.0,50.0
261,1606086849.1047432,351.84855008125305,50.56,261.0,50.0
262,1606086850.453791,353.1975977420807,50.56,262.0,50.0
263,1606086851.8025513,354.5463581085205,50.56,263.0,50.0
264,1606086853.1527524,355.89655923843384,50.88,264.0,50.0
265,1606086854.5016415,357.2454483509064,50.88,265.0,50.0
266,1606086855.8523629,358.5961697101593,50.88,266.0,50.0
267,1606086857.2018619,359.9456686973572,50.88,267.0,50.0
268,1606086858.5517669,361.29557371139526,50.88,268.0,50.0
269,1606086859.9013677,362.6451745033264,50.88,269.0,50.0
270,1606086861.2509475,363.9947543144226,50.88,270.0,50.0
271,1606086862.6008062,365.34461307525635,50.88,271.0,50.0
272,1606086863.9503095,366.69411635398865,51.2,272.0,50.0
273,1606086865.2890506,368.0328574180603,51.2,273.0,50.0
274,1606086866.6394596,369.3832664489746,51.2,274.0,50.0
275,1606086867.9890056,370.73281240463257,51.2,275.0,50.0
276,1606086869.327704,372.07151079177856,51.2,276.0,50.0
277,1606086870.6769135,373.4207203388214,51.2,277.0,50.0
278,1606086872.0168576,374.7606644630432,51.2,278.0,50.0
279,1606086873.366661,376.1104679107666,51.52,279.0,50.0
280,1606086874.7163699,377.4601767063141,51.52,280.0,50.0
281,1606086876.0652554,378.80906224250793,51.52,281.0,50.0
282,1606086877.4157174,380.1595242023468,51.52,282.0,50.0
283,1606086878.7653723,381.5091791152954,51.85,283.0,50.0
284,1606086880.1048098,382.8486166000366,51.85,284.0,50.0
285,1606086881.4544282,384.1982350349426,51.85,285.0,50.0
286,1606086882.7936115,385.5374183654785,51.85,286.0,50.0
287,1606086884.1435905,386.8873972892761,51.85,287.0,50.0
288,1606086885.4828596,388.2266664505005,51.85,288.0,50.0
289,1606086886.8326874,389.57649421691895,51.85,289.0,50.0
290,1606086888.1823776,390.92618441581726,51.85,290.0,50.0
291,1606086889.5319262,392.2757329940796,52.17,291.0,50.0
292,1606086890.8814566,393.6252634525299,51.85,292.0,50.0
293,1606086892.2306643,394.9744710922241,52.17,293.0,50.0
294,1606086893.5803225,396.32412934303284,52.17,294.0,50.0
295,1606086894.9298398,397.6736466884613,52.17,295.0,50.0
296,1606086896.279726,399.02353286743164,52.17,296.0,50.0
297,1606086897.6190028,400.36280965805054,52.17,297.0,50.0
298,1606086898.9687846,401.7125914096832,52.17,298.0,50.0
299,1606086900.3185425,403.062349319458,52.17,299.0,50.0
300,1606086901.668059,404.41186594963074,52.17,300.0,50.0
301,1606086903.0170095,405.7608163356781,52.17,301.0,50.0
302,1606086904.3574362,407.101243019104,52.17,302.0,50.0
303,1606086905.7173855,408.46119236946106,52.17,303.0,50.0
304,1606086907.0562768,409.80008363723755,52.17,304.0,50.0
305,1606086908.4065382,411.1503450870514,52.49,305.0,50.0
306,1606086909.7458432,412.4896500110626,52.49,306.0,50.0
307,1606086911.084811,413.828617811203,52.49,307.0,50.0
308,1606086912.4246798,415.1684865951538,52.49,308.0,50.0
309,1606086913.7640545,416.5078613758087,52.49,309.0,50.0
310,1606086915.1138382,417.85764503479004,52.49,310.0,50.0
311,1606086916.4530296,419.1968364715576,52.49,311.0,50.0
312,1606086917.7925875,420.5363943576813,52.49,312.0,50.0
313,1606086919.1419396,421.8857464790344,52.49,313.0,50.0
314,1606086920.490508,423.23431491851807,52.81,314.0,50.0
315,1606086921.8403401,424.58414697647095,52.81,315.0,50.0
316,1606086923.1804893,425.9242961406708,52.81,316.0,50.0
317,1606086924.5194066,427.2632133960724,52.49,317.0,50.0
318,1606086925.8696036,428.6134104728699,52.81,318.0,50.0
319,1606086927.2088637,429.95267057418823,52.81,319.0,50.0
320,1606086928.5483096,431.2921164035797,52.81,320.0,50.0
321,1606086929.8977177,432.64152455329895,52.81,321.0,50.0
322,1606086931.23761,433.9814169406891,52.81,322.0,50.0
323,1606086932.5874026,435.33120942115784,52.81,323.0,50.0
324,1606086933.9266565,436.67046332359314,53.14,324.0,50.0
325,1606086935.2766194,438.02042627334595,52.81,325.0,50.0
326,1606086936.6157672,439.35957407951355,53.14,326.0,50.0
327,1606086937.9548001,440.698606967926,53.14,327.0,50.0
328,1606086939.3047743,442.04858112335205,53.14,328.0,50.0
329,1606086940.6648064,443.40861320495605,53.14,329.0,50.0
330,1606086942.0146356,444.758442401886,53.14,330.0,50.0
331,1606086943.3643172,446.10812401771545,53.14,331.0,50.0
332,1606086944.7138896,447.4576964378357,53.14,332.0,50.0
333,1606086946.053444,448.79725074768066,53.14,333.0,50.0
334,1606086947.4134183,450.1572251319885,53.14,334.0,50.0
335,1606086948.7528055,451.49661231040955,53.14,335.0,50.0
336,1606086950.1027238,452.84653067588806,53.46,336.0,50.0
337,1606086951.4523852,454.1961920261383,53.46,337.0,50.0
338,1606086952.791837,455.53564381599426,53.46,338.0,50.0
339,1606086954.1415389,456.88534569740295,53.46,339.0,50.0
340,1606086955.4910877,458.23489451408386,53.46,340.0,50.0
341,1606086956.830693,459.57449984550476,53.46,341.0,50.0
342,1606086958.1803818,460.9241886138916,53.46,342.0,50.0
343,1606086959.519329,462.2631359100342,53.46,343.0,50.0
344,1606086960.8590405,463.6028473377228,53.46,344.0,50.0
345,1606086962.2086768,464.9524836540222,53.46,345.0,50.0
346,1606086963.5586455,466.3024523258209,53.78,346.0,50.0
347,1606086964.90832,467.652126789093,53.78,347.0,50.0
348,1606086966.2478209,468.99162769317627,53.78,348.0,50.0
349,1606086967.5867727,470.33057951927185,53.78,349.0,50.0
350,1606086968.9367373,471.6805441379547,53.78,350.0,50.0
351,1606086970.2758815,473.0196883678436,53.78,351.0,50.0
352,1606086971.6258938,474.3697006702423,53.78,352.0,50.0
353,1606086972.9752314,475.71903824806213,53.78,353.0,50.0
354,1606086974.3249414,477.0687482357025,53.78,354.0,50.0
355,1606086975.6747015,478.4185082912445,54.1,355.0,50.0
356,1606086977.0238328,479.7676396369934,54.1,356.0,50.0
357,1606086978.3739924,481.117799282074,54.1,357.0,50.0
358,1606086979.734433,482.478239774704,54.1,358.0,50.0
359,1606086981.083785,483.82759189605713,54.1,359.0,50.0
360,1606086982.4336886,485.17749547958374,54.43,360.0,50.0
361,1606086983.7730083,486.5168151855469,54.43,361.0,50.0
362,1606086985.1224139,487.86622071266174,54.1,362.0,50.0
363,1606086986.4718447,489.215651512146,54.43,363.0,50.0
364,1606086987.811937,490.555743932724,54.43,364.0,50.0
365,1606086989.1616008,491.90540766716003,54.43,365.0,50.0
366,1606086990.5012002,493.24500703811646,54.43,366.0,50.0
367,1606086991.8508651,494.5946719646454,54.43,367.0,50.0
368,1606086993.190444,495.934250831604,54.43,368.0,50.0
369,1606086994.5401883,497.2839951515198,54.43,369.0,50.0
370,1606086995.8797264,498.62353324890137,54.75,370.0,50.0
371,1606086997.2190535,499.96286034584045,54.75,371.0,50.0
372,1606086998.5688143,501.3126211166382,54.75,372.0,50.0
373,1606086999.9083648,502.6521716117859,54.75,373.0,50.0
374,1606087001.246889,503.99069595336914,55.07,374.0,50.0
375,1606087002.5966203,505.34042716026306,55.07,375.0,50.0
376,1606087003.9467926,506.6905994415283,55.07,376.0,50.0
377,1606087005.2963138,508.04012060165405,55.07,377.0,50.0
378,1606087006.6459851,509.3897919654846,55.07,378.0,50.0
379,1606087007.9957752,510.7395820617676,55.07,379.0,50.0
380,1606087009.355217,512.0990238189697,55.07,380.0,50.0
381,1606087010.6955788,513.4393856525421,54.75,381.0,50.0
382,1606087012.0453024,514.7891092300415,55.07,382.0,50.0
383,1606087013.3946064,516.1384131908417,55.07,383.0,50.0
384,1606087014.7343757,517.478182554245,55.07,384.0,50.0
385,1606087016.0838628,518.8276696205139,55.07,385.0,50.0
386,1606087017.4335396,520.1773464679718,55.39,386.0,50.0
387,1606087018.7936475,521.537454366684,55.07,387.0,50.0
388,1606087020.1432066,522.8870134353638,55.39,388.0,50.0
389,1606087021.4929676,524.2367744445801,55.39,389.0,50.0
390,1606087022.842839,525.5866458415985,55.39,390.0,50.0
391,1606087024.1821668,526.9259736537933,55.39,391.0,50.0
392,1606087025.5316541,528.2754609584808,55.39,392.0,50.0
393,1606087026.8815346,529.6253414154053,55.39,393.0,50.0
394,1606087028.2209558,530.9647626876831,55.39,394.0,50.0
395,1606087029.5707934,532.3146002292633,55.39,395.0,50.0
396,1606087030.9307194,533.6745262145996,55.39,396.0,50.0
397,1606087032.29079,535.0345969200134,55.39,397.0,50.0
398,1606087033.6297777,536.3735845088959,55.71,398.0,50.0
399,1606087034.9791496,537.7229564189911,55.71,399.0,50.0
400,1606087036.3192673,539.0630741119385,55.71,400.0,50.0
401,1606087037.668722,540.4125287532806,55.71,401.0,50.0
402,1606087039.0288794,541.7726862430573,55.71,402.0,50.0
403,1606087040.368442,543.1122488975525,55.71,403.0,50.0
404,1606087041.7177777,544.4615845680237,55.71,404.0,50.0
405,1606087043.0574555,545.8012623786926,55.71,405.0,50.0
406,1606087044.4072018,547.151008605957,55.71,406.0,50.0
407,1606087045.756892,548.5006988048553,55.71,407.0,50.0
408,1606087047.1166005,549.8604073524475,55.71,408.0,50.0
409,1606087048.466666,551.2104728221893,55.71,409.0,50.0
410,1606087049.8059566,552.5497634410858,56.04,410.0,50.0
411,1606087051.1557946,553.8996014595032,56.04,411.0,50.0
412,1606087052.5054917,555.2492985725403,56.04,412.0,50.0
413,1606087053.8446918,556.5884985923767,56.04,413.0,50.0
414,1606087055.1945636,557.9383704662323,56.04,414.0,50.0
415,1606087056.53302,559.2768268585205,56.04,415.0,50.0
416,1606087057.883805,560.6276118755341,56.04,416.0,50.0
417,1606087059.2335162,561.9773230552673,55.71,417.0,50.0
418,1606087060.5725198,563.3163266181946,56.04,418.0,50.0
419,1606087061.9118176,564.6556243896484,56.04,419.0,50.0
420,1606087063.251756,565.9955627918243,56.04,420.0,50.0
421,1606087064.6015878,567.3453946113586,56.04,421.0,50.0
422,1606087065.9510756,568.6948823928833,56.36,422.0,50.0
423,1606087067.3008044,570.0446112155914,56.04,423.0,50.0
424,1606087068.6506867,571.3944935798645,56.36,424.0,50.0
425,1606087070.0003664,572.7441732883453,56.36,425.0,50.0
426,1606087071.349923,574.0937297344208,56.36,426.0,50.0
427,1606087072.6997678,575.4435746669769,56.36,427.0,50.0
428,1606087074.038895,576.7827017307281,56.36,428.0,50.0
429,1606087075.3886635,578.132470369339,56.36,429.0,50.0
430,1606087076.7380114,579.4818181991577,56.36,430.0,50.0
431,1606087078.088038,580.8318448066711,56.36,431.0,50.0
432,1606087079.4277134,582.1715202331543,56.36,432.0,50.0
433,1606087080.767008,583.5108149051666,56.36,433.0,50.0
434,1606087082.1065915,584.8503983020782,56.36,434.0,50.0
435,1606087083.456328,586.2001347541809,56.36,435.0,50.0
436,1606087084.7957985,587.5396053791046,56.36,436.0,50.0
437,1606087086.1350133,588.878820180893,56.36,437.0,50.0
438,1606087087.4847977,590.22860455513,56.68,438.0,50.0
439,1606087088.8237655,591.5675723552704,56.68,439.0,50.0
440,1606087090.184355,592.9281618595123,56.68,440.0,50.0
441,1606087091.523625,594.2674317359924,56.68,441.0,50.0
442,1606087092.8631017,595.6069085597992,56.68,442.0,50.0
443,1606087094.2024019,596.9462087154388,56.68,443.0,50.0
444,1606087095.5421562,598.2859630584717,56.68,444.0,50.0
445,1606087096.8917747,599.6355814933777,56.68,445.0,50.0
446,1606087098.2313418,600.9751486778259,56.68,446.0,50.0
447,1606087099.5807822,602.3245890140533,56.36,447.0,50.0
448,1606087100.9307306,603.6745374202728,57.0,448.0,50.0
449,1606087102.2796679,605.0234746932983,57.0,449.0,50.0
450,1606087103.6299539,606.3737607002258,57.0,450.0,50.0
451,1606087104.9788604,607.7226672172546,57.0,451.0,50.0
452,1606087106.3287814,609.0725882053375,56.68,452.0,50.0
453,1606087107.6770082,610.4208149909973,57.0,453.0,50.0
454,1606087109.0277336,611.7715404033661,57.0,454.0,50.0
455,1606087110.3668091,613.1106159687042,57.0,455.0,50.0
456,1606087111.716282,614.4600887298584,57.0,456.0,50.0
457,1606087113.0563912,615.8001980781555,57.0,457.0,50.0
458,1606087114.4060514,617.1498582363129,57.0,458.0,50.0
459,1606087115.7557735,618.4995803833008,57.0,459.0,50.0
460,1606087117.1055627,619.8493695259094,57.0,460.0,50.0
461,1606087118.4448814,621.1886882781982,57.0,461.0,50.0
462,1606087119.7947085,622.538515329361,57.33,462.0,50.0
463,1606087121.1338973,623.8777041435242,57.0,463.0,50.0
464,1606087122.4836547,625.2274615764618,57.33,464.0,50.0
465,1606087123.823349,626.5671558380127,57.0,465.0,50.0
466,1606087125.1627688,627.906575679779,57.33,466.0,50.0
467,1606087126.5124962,629.2563030719757,57.33,467.0,50.0
468,1606087127.8516006,630.5954074859619,57.33,468.0,50.0
469,1606087129.201506,631.9453127384186,57.33,469.0,50.0
470,1606087130.5408373,633.2846441268921,57.33,470.0,50.0
471,1606087131.890786,634.6345927715302,57.33,471.0,50.0
472,1606087133.2297134,635.9735202789307,57.33,472.0,50.0
473,1606087134.5796666,637.3234734535217,57.33,473.0,50.0
474,1606087135.9188704,638.6626772880554,57.33,474.0,50.0
475,1606087137.268965,640.0127718448639,57.65,475.0,50.0
476,1606087138.6187682,641.3625750541687,57.33,476.0,50.0
477,1606087139.9581394,642.7019462585449,57.65,477.0,50.0
478,1606087141.3077538,644.0515606403351,57.33,478.0,50.0
479,1606087142.6576416,645.4014484882355,57.65,479.0,50.0
480,1606087144.0073419,646.7511487007141,57.65,480.0,50.0
481,1606087145.346567,648.0903737545013,57.65,481.0,50.0
482,1606087146.706731,649.4505379199982,57.65,482.0,50.0
483,1606087148.0457954,650.7896022796631,57.65,483.0,50.0
484,1606087149.3955886,652.1393954753876,57.65,484.0,50.0
485,1606087150.7353373,653.4791440963745,57.65,485.0,50.0
486,1606087152.0848918,654.8286986351013,57.65,486.0,50.0
487,1606087153.4243627,656.1681694984436,57.65,487.0,50.0
488,1606087154.7740405,657.5178472995758,57.33,488.0,50.0
489,1606087156.1237407,658.8675475120544,57.65,489.0,50.0
490,1606087157.4735308,660.2173376083374,57.65,490.0,50.0
491,1606087158.8127508,661.5565576553345,57.65,491.0,50.0
492,1606087160.162601,662.9064078330994,57.65,492.0,50.0
493,1606087161.5121894,664.2559962272644,57.65,493.0,50.0
494,1606087162.8710165,665.6148233413696,57.97,494.0,50.0
495,1606087164.2111795,666.954986333847,57.65,495.0,50.0
496,1606087165.5608594,668.3046662807465,57.97,496.0,50.0
497,1606087166.910143,669.6539497375488,57.97,497.0,50.0
498,1606087168.2605338,671.0043406486511,57.97,498.0,50.0
499,1606087169.6104267,672.3542335033417,57.97,499.0,50.0
500,1606087170.9601226,673.7039294242859,57.97,500.0,50.0
501,1606087172.3089533,675.0527601242065,57.97,501.0,50.0
502,1606087173.659508,676.4033148288727,57.97,502.0,50.0
503,1606087174.9990232,677.7428300380707,57.97,503.0,50.0
504,1606087176.3487542,679.092561006546,57.97,504.0,50.0
505,1606087177.698544,680.4423508644104,57.97,505.0,50.0
506,1606087179.0480392,681.791846036911,57.97,506.0,50.0
507,1606087180.3977537,683.1415605545044,57.97,507.0,50.0
508,1606087181.7476196,684.4914264678955,57.97,508.0,50.0
509,1606087183.097265,685.841071844101,57.97,509.0,50.0
510,1606087184.4468997,687.1907064914703,57.97,510.0,50.0
511,1606087185.7864814,688.5302882194519,57.97,511.0,50.0
512,1606087187.1256013,689.8694081306458,57.97,512.0,50.0
513,1606087188.4751546,691.2189614772797,58.29,513.0,50.0
514,1606087189.814962,692.5587687492371,58.29,514.0,50.0
515,1606087191.1647642,693.9085710048676,58.29,515.0,50.0
516,1606087192.5039272,695.2477340698242,58.29,516.0,50.0
517,1606087193.843671,696.5874779224396,58.29,517.0,50.0
518,1606087195.1830285,697.9268352985382,58.29,518.0,50.0
519,1606087196.5217023,699.2655091285706,58.29,519.0,50.0
520,1606087197.8712845,700.6150913238525,58.29,520.0,50.0
521,1606087199.2117412,701.9555480480194,58.29,521.0,50.0
522,1606087200.5510383,703.2948451042175,58.29,522.0,50.0
523,1606087201.9007642,704.6445710659027,58.29,523.0,50.0
524,1606087203.2506175,705.9944243431091,58.29,524.0,50.0
525,1606087204.6003077,707.3441145420074,58.29,525.0,50.0
526,1606087205.9497414,708.6935482025146,58.29,526.0,50.0
527,1606087207.2996855,710.0434923171997,58.29,527.0,50.0
528,1606087208.6493788,711.3931856155396,58.29,528.0,50.0
529,1606087209.9886086,712.7324154376984,58.29,529.0,50.0
530,1606087211.328302,714.072108745575,58.29,530.0,50.0
531,1606087212.6778443,715.4216511249542,58.62,531.0,50.0
532,1606087214.037632,716.7814388275146,58.62,532.0,50.0
533,1606087215.3773656,718.1211724281311,58.62,533.0,50.0
534,1606087216.7372153,719.4810221195221,58.62,534.0,50.0
535,1606087218.0762405,720.82004737854,58.62,535.0,50.0
536,1606087219.4263613,722.1701681613922,58.62,536.0,50.0
537,1606087220.7758486,723.5196554660797,58.62,537.0,50.0
538,1606087222.1146796,724.8584864139557,58.62,538.0,50.0
539,1606087223.465343,726.2091498374939,58.62,539.0,50.0
540,1606087224.8046484,727.5484552383423,58.62,540.0,50.0
541,1606087226.1544847,728.8982915878296,58.62,541.0,50.0
542,1606087227.5038776,730.2476844787598,58.62,542.0,50.0
543,1606087228.843527,731.5873339176178,58.62,543.0,50.0
544,1606087230.193253,732.937059879303,58.62,544.0,50.0
545,1606087231.5427637,734.2865705490112,58.62,545.0,50.0
546,1606087232.8913176,735.6351244449615,58.62,546.0,50.0
547,1606087234.2422397,736.9860465526581,58.62,547.0,50.0
548,1606087235.602297,738.3461039066315,58.62,548.0,50.0
549,1606087236.9407513,739.6845581531525,58.94,549.0,50.0
550,1606087238.2915747,741.0353815555573,58.62,550.0,50.0
551,1606087239.641349,742.385155916214,58.94,551.0,50.0
552,1606087240.990753,743.7345597743988,58.94,552.0,50.0
553,1606087242.340598,745.0844049453735,58.94,553.0,50.0
554,1606087243.6895428,746.433349609375,58.94,554.0,50.0
555,1606087245.0398586,747.7836654186249,58.94,555.0,50.0
556,1606087246.3791885,749.1229953765869,58.94,556.0,50.0
557,1606087247.7289946,750.4728014469147,58.94,557.0,50.0
558,1606087249.0787356,751.8225424289703,58.94,558.0,50.0
559,1606087250.4280493,753.1718561649323,58.94,559.0,50.0
560,1606087251.7780576,754.5218644142151,58.94,560.0,50.0
561,1606087253.1176383,755.8614451885223,58.94,561.0,50.0
562,1606087254.4673557,757.2111625671387,58.94,562.0,50.0
563,1606087255.8165376,758.5603444576263,58.94,563.0,50.0
564,1606087257.1663818,759.9101886749268,58.94,564.0,50.0
565,1606087258.5156584,761.2594652175903,58.94,565.0,50.0
566,1606087259.865953,762.6097598075867,58.94,566.0,50.0
567,1606087261.2055333,763.9493401050568,59.26,567.0,50.0
568,1606087262.5540524,765.2978591918945,58.94,568.0,50.0
569,1606087263.9049017,766.6487085819244,58.94,569.0,50.0
570,1606087265.25473,767.99853682518,58.94,570.0,50.0
571,1606087266.604411,769.3482177257538,58.94,571.0,50.0
572,1606087267.9540098,770.6978166103363,59.26,572.0,50.0
573,1606087269.3037424,772.0475492477417,59.26,573.0,50.0
574,1606087270.6535013,773.3973081111908,58.94,574.0,50.0
575,1606087271.9927464,774.7365531921387,59.26,575.0,50.0
576,1606087273.3421843,776.0859911441803,58.94,576.0,50.0
577,1606087274.6921618,777.4359686374664,58.94,577.0,50.0
578,1606087276.041806,778.785612821579,59.26,578.0,50.0
579,1606087277.3912938,780.1351006031036,59.26,579.0,50.0
580,1606087278.741288,781.4850947856903,59.26,580.0,50.0
581,1606087280.0912075,782.8350143432617,59.26,581.0,50.0
582,1606087281.430589,784.1743957996368,59.26,582.0,50.0
583,1606087282.7802649,785.5240716934204,59.26,583.0,50.0
584,1606087284.1298048,786.8736116886139,59.26,584.0,50.0
585,1606087285.4694433,788.2132501602173,59.26,585.0,50.0
586,1606087286.8083787,789.5521855354309,59.26,586.0,50.0
587,1606087288.1584415,790.9022483825684,59.26,587.0,50.0
588,1606087289.4979477,792.2417545318604,59.26,588.0,50.0
589,1606087290.8477256,793.5915324687958,59.26,589.0,50.0
590,1606087292.1870098,794.9308166503906,59.26,590.0,50.0
591,1606087293.5367465,796.2805533409119,59.26,591.0,50.0
592,1606087294.8859417,797.62974858284,59.26,592.0,50.0
593,1606087296.235944,798.9797508716583,59.26,593.0,50.0
594,1606087297.595334,800.3391408920288,59.26,594.0,50.0
595,1606087298.9444945,801.6883013248444,59.26,595.0,50.0
596,1606087300.2951565,803.0389633178711,59.26,596.0,50.0
597,1606087301.6453187,804.389125585556,59.26,597.0,50.0
598,1606087302.9846132,805.7284200191498,59.26,598.0,50.0
599,1606087304.3447146,807.0885214805603,59.26,599.0,50.0
600,1606087305.6642568,808.4080636501312,59.26,600.0,0.0
